Nombre,Correo,Tipo
Jose Antonio Arredondo Tomairo,jose.arredondo.t@uni.pe,Institucional UNI
Luis Bustamante Rojas,luis.bustamante.r@uni.pe,Institucional UNI
Zhaid Genaro Candia Usca,zhaid.candia.u@uni.pe,Institucional UNI
Zhaid Genaro Candia Usca,zhaidcandia@gmail.com,Personal
Carlos Daniel Murillo Linian,carlos.murillo.l@uni.pe,Institucional UNI
Jeanpier Alexander Robles Fabian,jeanpier.robles.f@uni.pe,Institucional UNI
Jeanpier Alexander Robles Fabian,jeanpierrf31@gmail.com,Personal
John Piero Tucto Lozano,john.tucto.l@uni.pe,Institucional UNI
Alejandro Alfredo Velarde Timoteo,alejandro.velarde.t@uni.pe,Institucional UNI
Alejandro Alfredo Velarde Timoteo,alejandrovelardetimoteo@gmail.com,Personal
Hector Alonso Yampufe Pau,hector.yampufe.p@uni.pe,Institucional UNI
Jeferson Snyder Yataco Huasasquiche,jeferson.yataco.h@uni.pe,Institucional UNI
Jeferson Snyder Yataco Huasasquiche,jefersonjsy48@gmail.com,Personal
Luis Michell Medrano Chero,luis.medrano.c@uni.pe,Institucional UNI
Luis Michell Medrano Chero,michellmedr@gmail.com,Personal
Marco Antonio Huanca Achahui,marco.huanca.a@uni.pe,Institucional UNI
Marco Antonio Huanca Achahui,marcohuanca7@hotmail.com,Personal