Nombre,Correo,Curso,Horas,Fecha
Ana María Pérez Rodríguez,ana.perez@universidad.edu,Inteligencia Artificial Aplicada,40,01/10/2026
José Luis de la Torre y Mendoza,jose.delatorre@correo.com,Inteligencia Artificial Aplicada,40,01/10/2026
Maximiliano Alejandro de la Fuente y Montalbán,maximiliano.fuente@empresa.pe,Inteligencia Artificial Aplicada,40,01/10/2026
María Elena O'Connor-Pérez,maria.oconnor@investigacion.org,Inteligencia Artificial Aplicada,40,01/10/2026
Íñigo Peña Nuñez,inigo.pena@instituto.edu,Inteligencia Artificial Aplicada,40,01/10/2026
Sofía Valentina Ramos Vega,sofia.ramos@tech.io,Inteligencia Artificial Aplicada,40,01/10/2026
Carlos Alberto Mendoza Silva,carlos.mendoza@global.com,Inteligencia Artificial Aplicada,40,01/10/2026
Camila Belén Castro Morales,camila.castro@academico.org,Inteligencia Artificial Aplicada,40,01/10/2026
Lucas Gabriel Hernández Soto,lucas.hernandez@dev.com,Inteligencia Artificial Aplicada,40,01/10/2026
Valeria Nicole Quispe Flores,valeria.quispe@consultores.com,Inteligencia Artificial Aplicada,40,01/10/2026